A,B,C,D,E,F,G,H,I,J,K
82,90,100,0,100,0,93,15884,1,0,0
81,96,100,0,100,0,97,6557,1,0,0
81,94,100,0,100,0,87,27544,81,0,0
81,95,100,0,100,0,92,17551,81,0,0
83,89,100,0,100,0,97,7254,83,0,0
75,95,100,0,100,0,98,5891,75,0,0
84,98,100,0,100,0,97,7699,84,0,0
83,94,100,0,100,0,93,15277,83,0,0
77,94,100,0,100,0,93,15886,77,0,0
81,94,100,0,100,0,98,5766,81,0,0
81,98,100,0,100,0,93,15470,81,0,0
82,94,100,0,100,0,97,7741,82,0,0
83,91,100,0,100,0,96,9277,83,0,0
76,89,100,0,100,0,24,152102,76,0,0
79,92,100,0,100,0,98,4493,79,0,0
77,98,100,0,100,0,95,11497,77,0,0
82,96,100,0,100,0,94,13138,1,0,0
77,96,100,0,100,0,90,21659,1,0,0
83,96,100,0,100,0,93,15330,83,0,0
84,88,100,0,100,0,94,12062,1,0,0
83,92,100,0,100,0,92,16107,1,0,0
82,92,100,0,100,0,97,6837,1,0,0
83,84,100,0,100,0,95,10248,1,0,0
82,96,100,0,100,0,93,14133,82,0,0
76,94,100,0,100,0,95,11808,1,0,0
82,94,100,0,100,0,97,7675,82,0,0
82,96,100,0,100,0,97,6206,82,0,0
81,95,100,0,100,0,98,4381,81,0,0
83,92,100,0,100,0,91,18973,83,0,0
83,88,100,0,100,0,98,5720,1,0,0
100,94,100,0,100,0,94,12021,100,0,0
80,92,100,0,100,0,88,25669,80,0,0
77,96,100,0,100,0,98,5163,77,0,0
82,95,100,8,100,0,96,9140,82,0,0
71,91,100,0,100,0,96,9944,71,0,0
75,92,100,0,100,0,99,3134,1,0,0
82,94,100,1,100,0,96,8038,82,0,0
79,96,100,0,100,0,98,4828,79,0,0
82,98,100,0,100,0,97,6253,82,0,0
83,96,100,0,100,0,1,427968,83,0,0
83,96,100,0,100,0,97,7884,83,0,0
84,98,100,0,100,0,1,254714,84,0,0
84,92,100,0,100,0,92,17338,84,0,0
83,98,100,0,100,0,91,18781,83,0,0
79,96,100,0,100,0,1,212175,79,0,0
83,99,100,0,100,0,83,35277,83,0,0
83,89,100,0,100,0,95,10237,83,0,0
82,95,100,8,100,0,71,59215,82,0,0
83,99,100,0,100,0,98,5813,83,0,0
82,92,100,0,100,0,94,13025,82,0,0
77,92,100,0,100,0,89,22982,77,0,0
78,98,100,0,100,0,96,9828,78,0,0
82,89,100,0,100,0,95,10898,82,0,0
78,98,100,0,100,0,97,6629,78,0,0
82,96,100,0,100,0,90,21105,82,0,0
83,98,100,0,100,0,98,4725,83,0,0
82,89,100,0,100,0,97,6037,82,0,0
83,92,100,0,100,0,93,14878,83,0,0
81,91,100,0,100,0,96,8815,81,0,0
82,95,100,0,100,0,96,9202,82,0,0
82,95,100,0,100,0,97,7171,82,0,0
82,89,100,0,100,0,96,8937,82,0,0
83,94,100,0,100,0,97,7790,83,0,0
82,92,100,0,100,0,94,12302,82,0,0
100,94,100,0,100,0,97,7425,100,0,0
77,94,100,0,100,0,93,14971,77,0,0
79,92,100,0,100,0,92,16025,1,0,0
79,91,100,0,100,0,97,6240,79,0,0
75,94,100,0,100,0,92,16357,75,0,0
83,94,100,0,100,0,93,14390,83,0,0
81,92,100,0,100,0,94,12559,81,0,0
78,94,100,0,100,0,96,9321,78,0,0
83,94,100,0,100,0,96,8410,83,0,0
67,91,100,0,100,0,89,22183,67,0,0
83,96,100,0,100,0,92,16161,83,0,0
83,95,100,0,100,0,77,47773,83,0,0
82,96,100,0,100,0,97,7336,82,0,0
83,89,100,0,100,0,89,23207,83,0,0
81,91,100,0,100,0,97,6744,81,0,0
74,95,100,0,100,0,89,23324,74,0,0
83,95,100,0,100,0,93,14153,83,0,0
100,95,100,0,100,0,98,5686,100,0,0
73,89,100,0,100,0,9,182739,73,0,0
80,94,100,0,100,0,94,13724,80,0,0
82,95,100,0,100,0,78,45991,82,0,0
84,95,100,0,100,0,98,4371,84,0,0
82,95,100,0,100,0,97,6526,82,0,0
100,94,100,0,100,0,97,7841,100,0,0
83,98,100,0,100,0,98,4117,83,0,0
100,95,100,0,100,0,94,12327,100,0,0
82,95,100,0,100,0,1,397839,82,0,0
76,91,100,0,100,0,84,33091,76,0,0
82,99,100,0,100,0,98,5914,82,0,0
71,96,100,0,100,0,91,18002,71,0,0
79,87,100,0,100,0,98,4904,1,0,0
84,96,100,0,100,0,98,4490,84,0,0
75,98,100,0,100,0,97,6733,75,0,0
81,99,100,0,100,0,97,6565,1,0,0
80,99,100,0,100,0,97,7106,80,0,0
84,96,100,0,100,0,97,6749,1,0,0
75,94,100,0,100,0,96,8961,75,0,0
80,89,100,0,100,0,96,9825,80,0,0
82,88,100,0,100,0,76,48506,82,0,0
78,95,100,0,100,0,97,6734,78,0,0
81,89,100,0,100,0,94,13622,81,0,0
78,94,100,0,100,0,97,6097,78,0,0
77,88,100,0,100,0,86,28818,77,0,0
81,98,100,0,100,0,97,6337,81,0,0
80,95,100,0,100,0,95,11883,80,0,0
81,90,100,0,100,0,97,7670,1,0,0
81,96,100,0,100,0,96,8526,1,0,0
82,88,100,0,100,0,97,6255,1,0,0
83,96,100,0,100,0,97,6365,1,0,0
82,88,100,0,100,0,95,10376,1,0,0
82,90,100,0,100,0,98,5624,1,0,0
79,96,100,0,100,0,98,5531,79,0,0
80,98,100,0,100,0,88,24807,80,0,0
81,98,100,0,100,0,96,8791,81,0,0
82,96,100,0,100,0,97,7699,1,0,0
83,97,100,0,100,0,98,4797,1,0,0
80,93,100,0,100,0,94,13543,80,0,0
81,96,100,0,100,0,95,10446,81,0,0
82,92,100,0,100,0,93,14728,82,0,0
77,96,100,0,100,0,97,6213,77,0,0
83,98,100,0,100,0,12,176264,83,0,0
83,91,100,0,100,0,76,49513,83,0,0
84,94,100,0,100,0,95,10332,1,0,0
82,92,100,0,100,0,95,10810,82,0,0
83,91,100,0,100,0,96,9313,83,0,0
75,98,100,0,100,0,13,174410,75,0,0
78,96,100,0,100,0,94,12208,78,0,0
83,85,100,0,100,0,98,5474,1,0,0
83,89,100,0,100,0,98,5568,83,0,0
82,94,100,0,100,0,66,68669,82,0,0
73,86,100,0,100,0,89,23505,1,0,0
79,91,100,0,100,0,96,9882,79,0,0
82,89,100,0,100,0,86,28898,82,0,0
82,96,100,0,100,0,96,8553,82,0,0
69,89,100,0,100,0,97,6821,69,0,0
81,89,100,0,100,0,94,13940,81,0,0
72,89,100,0,100,0,95,11557,72,0,0
83,99,100,0,100,0,94,13140,83,0,0
82,95,100,0,100,0,98,4472,82,0,0
84,93,100,0,100,0,83,35871,84,0,0
81,95,100,0,100,0,97,7563,81,0,0
73,94,100,0,100,0,98,5375,73,0,0
74,96,100,0,100,0,94,13344,74,0,0
68,89,100,0,100,0,97,7403,68,0,0
83,96,100,0,100,0,95,11825,83,0,0
79,88,100,0,100,0,94,13566,79,0,0
82,95,100,0,100,0,99,3846,82,0,0
74,95,100,0,100,0,97,7305,74,0,0
80,91,100,0,100,0,96,9332,80,0,0
84,92,100,0,100,0,94,12697,84,0,0
83,91,100,0,100,0,90,20940,83,0,0
66,93,100,0,100,0,97,6720,66,0,0
84,89,100,0,100,0,97,6153,84,0,0
84,95,100,0,100,0,97,7099,84,0,0
77,95,100,0,100,0,95,10413,77,0,0
83,86,100,0,100,0,98,4045,1,0,0
81,89,100,0,100,0,95,11755,81,0,0
83,89,100,0,100,0,96,8776,83,0,0
68,91,100,0,100,0,77,47436,68,0,0
100,89,100,0,100,0,97,7578,100,0,0
81,96,100,0,100,0,95,11220,81,0,0
80,94,100,0,100,0,91,19872,80,0,0
83,99,100,0,100,0,100,404,83,0,0
78,94,100,0,100,0,92,16954,78,0,0
82,99,100,0,100,0,97,7746,82,0,0
83,96,100,0,100,0,63,75298,83,0,0
83,99,100,0,100,0,96,9699,83,0,0
83,89,100,0,100,0,97,6545,83,0,0
84,96,100,0,100,0,98,5791,84,0,0
82,94,100,0,100,0,95,10946,82,0,0
79,91,100,0,100,0,53,95815,79,0,0
83,95,100,0,100,0,97,6856,83,0,0
70,96,100,0,100,0,94,12669,1,0,0
82,92,100,0,100,0,92,17888,82,0,0
80,95,100,0,100,0,95,10252,80,0,0
76,92,100,0,100,0,97,7473,76,0,0
82,96,100,0,100,0,96,8685,82,0,0
83,89,100,0,100,0,93,14054,83,0,0
81,92,100,0,100,0,95,11591,81,0,0
82,98,100,0,100,0,97,6321,82,0,0
76,92,100,0,100,0,94,12702,76,0,0
83,92,100,0,100,0,85,30029,83,0,0
70,99,100,0,100,0,87,27524,70,0,0
80,98,100,0,100,0,98,5883,80,0,0
82,95,100,0,100,0,98,5949,82,0,0
81,92,100,0,100,0,99,3323,81,0,0
78,89,100,0,100,0,97,6739,78,0,0
80,95,100,0,100,0,95,11700,80,0,0
81,93,100,0,100,0,93,14847,1,0,0
74,86,100,0,100,0,97,6555,1,0,0
80,98,100,0,100,0,96,8727,1,0,0
82,96,100,0,100,0,94,12713,1,0,0
82,88,100,0,100,0,97,7989,1,0,0
78,84,100,0,100,0,95,11271,1,0,0
81,96,100,0,100,0,88,24402,1,0,0
78,98,100,0,100,0,98,5968,78,0,0
82,96,100,0,100,0,93,15798,82,0,0
83,90,100,0,100,0,90,20283,1,0,0
83,93,100,0,100,0,1,324281,83,0,0
79,94,100,0,100,0,91,18015,79,0,0
80,92,100,0,100,0,94,13433,1,0,0
81,91,100,0,100,0,96,8638,81,0,0
81,95,100,0,100,0,97,7055,1,0,0
81,95,100,0,100,0,96,8253,81,0,0
83,96,100,0,100,0,96,9466,83,0,0
77,95,100,0,100,0,98,5211,77,0,0
82,96,100,0,100,0,96,8700,82,0,0
77,94,100,0,100,0,94,12312,77,0,0
82,98,100,0,100,0,96,9070,82,0,0
78,99,100,0,100,0,97,6575,78,0,0
83,99,100,0,100,0,96,9447,83,0,0
83,94,100,0,100,0,96,9094,83,0,0
84,99,100,0,100,0,89,23232,84,0,0
69,92,100,0,100,0,95,10565,69,0,0
74,98,100,0,100,0,96,9389,74,0,0
83,95,100,0,100,0,91,19891,83,0,0
84,96,100,0,100,0,97,6747,84,0,0
84,94,100,0,100,0,98,5936,84,0,0
81,89,100,0,100,0,96,9044,81,0,0
82,95,100,0,100,0,96,9058,82,0,0
79,94,100,0,100,0,98,5534,79,0,0
80,96,100,0,100,0,92,16985,80,0,0
82,89,100,0,100,0,95,11488,82,0,0
81,89,100,0,100,0,92,17940,81,0,0
80,96,100,0,100,0,92,17313,80,0,0
78,96,100,0,100,0,95,11986,78,0,0
81,94,100,0,100,0,48,105246,81,0,0
76,95,100,0,100,0,96,9818,76,0,0
82,95,100,0,100,0,97,7510,82,0,0
81,92,100,0,100,0,95,10772,81,0,0
79,89,100,0,100,0,98,5955,79,0,0
81,89,100,0,100,0,96,8201,81,0,0
81,86,100,0,100,0,97,7265,1,0,0
77,95,100,0,100,0,96,9897,77,0,0
76,89,100,0,100,0,94,12534,76,0,0
77,94,100,0,100,0,93,15839,77,0,0
80,89,100,0,100,0,94,13816,80,0,0
81,89,100,0,100,0,94,13354,81,0,0
82,95,100,0,100,0,94,13860,82,0,0
79,95,100,0,100,0,91,18100,79,0,0
81,84,100,0,100,0,96,8622,1,0,0
81,96,100,0,100,0,98,4774,1,0,0
78,89,100,0,100,0,99,3179,78,0,0
77,96,100,0,100,0,91,19740,1,0,0
83,90,100,0,100,0,97,6468,1,0,0
77,91,100,0,100,0,94,12554,77,0,0
80,96,100,0,100,0,94,12363,1,0,0
82,95,100,0,100,0,90,21866,82,0,0
82,96,100,0,100,0,96,9995,1,0,0
83,88,100,0,100,0,96,9031,1,0,0
72,96,100,0,100,0,97,7160,1,0,0
82,96,100,0,100,0,93,14741,1,0,0
77,90,100,0,100,0,96,9137,1,0,0
70,96,100,0,100,0,96,8560,70,0,0
84,90,100,0,100,0,96,9743,84,0,0
80,98,100,0,100,0,97,7647,80,0,0
82,90,100,0,100,0,90,20985,1,0,0
82,95,100,0,100,0,93,15086,82,0,0
83,94,100,0,100,0,91,19514,83,0,0
69,95,100,0,100,0,98,5726,69,0,0
82,89,100,0,100,0,93,14957,82,0,0
79,96,100,0,100,0,97,7960,1,0,0
78,92,100,0,100,0,94,13344,78,0,0
82,93,100,0,100,0,94,12930,1,0,0
78,90,100,0,100,0,95,10707,1,0,0
84,96,100,0,100,0,98,5112,84,0,0
83,95,100,0,100,0,97,7597,83,0,0
83,94,100,0,100,0,95,10636,83,0,0
82,94,100,0,100,0,92,16399,82,0,0
83,91,100,0,100,0,96,9941,83,0,0
83,89,100,0,100,0,93,15691,83,0,0
83,89,100,0,100,0,96,8449,83,0,0
81,94,100,0,100,0,97,7052,81,0,0
81,89,100,0,100,0,82,37943,81,0,0
78,89,100,0,100,0,94,12745,78,0,0
74,89,100,0,100,0,88,24181,74,0,0
81,84,100,0,100,0,97,6890,1,0,0
81,95,100,0,100,0,97,7441,81,0,0
81,85,100,0,100,0,96,9032,1,0,0
81,88,100,0,100,0,94,13833,1,0,0
83,90,100,0,100,0,94,12829,1,0,0
83,94,100,0,100,0,97,6529,83,0,0
79,95,100,0,100,0,96,8872,79,0,0
83,95,100,0,100,0,48,104773,83,0,0
100,99,100,0,100,0,92,17652,100,0,0
83,95,100,0,100,0,81,39384,83,0,0
81,92,100,0,100,0,96,9988,81,0,0
81,94,100,0,100,0,97,6581,1,0,0
70,89,100,0,100,0,83,34864,70,0,0
75,94,100,0,100,0,98,5777,1,0,0
83,91,100,0,100,0,86,29024,83,0,0
81,95,100,0,100,0,97,7364,81,0,0
83,88,100,0,100,0,97,6910,1,0,0
79,91,100,0,100,0,97,7974,1,0,0
81,96,100,0,100,0,94,13047,81,0,0
83,96,100,0,100,0,98,5282,83,0,0
81,88,100,0,100,0,89,22007,1,0,0
84,96,100,0,100,0,98,5799,84,0,0
79,95,100,0,100,0,96,9802,79,0,0
84,96,100,0,100,0,97,6330,84,0,0
81,94,100,0,100,0,98,5439,81,0,0
80,96,100,0,100,0,94,12111,1,0,0
78,94,100,0,100,0,94,13348,78,0,0
83,92,100,0,100,0,95,11986,1,0,0
82,88,100,0,100,0,98,5840,1,0,0
70,94,100,0,100,0,96,9538,70,0,0
82,85,100,0,100,0,99,3392,1,0,0
82,89,100,0,100,0,86,29269,1,0,0
74,88,100,0,100,0,97,6361,1,0,0
100,92,100,0,100,0,56,88988,100,0,0
84,96,100,0,100,0,93,15337,84,0,0
82,91,100,0,100,0,96,8281,82,0,0
80,85,100,0,100,0,99,3273,1,0,0
80,88,100,0,100,0,92,16456,1,0,0
84,92,100,0,100,0,95,10524,84,0,0
84,84,100,0,100,0,98,4698,1,0,0
79,88,100,0,100,0,98,4327,1,0,0
84,84,100,0,100,0,95,10262,1,0,0
78,98,100,0,100,0,98,4785,78,0,0
84,94,100,0,100,0,97,6992,84,0,0
81,96,100,0,97,3,96,8695,81,8,8
80,92,100,0,100,0,97,6092,80,0,0
83,98,100,0,100,0,73,55827,83,0,0
100,92,100,0,100,0,57,86684,100,0,0
79,95,100,0,100,0,92,17974,79,0,0
82,96,100,0,100,0,92,16210,82,0,0
82,98,100,0,100,0,98,4837,82,0,0
66,96,100,0,100,0,87,27499,66,0,0
81,98,100,0,100,0,88,24002,81,0,0
78,92,100,0,100,0,98,5485,78,0,0
73,95,100,0,100,0,42,116606,73,0,0
82,92,100,0,100,0,41,118574,82,0,0
77,95,100,0,100,0,96,8034,77,0,0
72,98,100,0,100,0,97,7242,72,0,0
76,95,100,0,100,0,98,5816,76,0,0
76,98,100,0,100,0,93,14801,76,0,0
81,98,100,0,100,0,97,7660,81,0,0
81,95,100,0,100,0,95,10553,81,0,0
79,94,100,0,100,0,86,29360,79,0,0
82,92,100,0,100,0,95,10698,82,0,0
81,94,100,0,100,0,96,8078,81,0,0
83,94,100,0,100,0,96,9344,83,0,0
78,94,100,0,100,0,95,11249,78,0,0
79,98,100,0,100,0,92,17842,79,0,0
83,94,100,0,100,0,91,18748,83,0,0
83,90,100,0,100,0,98,5899,83,0,0
80,89,100,0,100,0,92,17506,80,0,0
75,92,100,8,100,0,97,6081,75,0,0
79,92,100,0,100,0,97,7042,79,0,0
75,95,100,0,100,0,96,8673,75,0,0
83,94,100,0,100,0,94,13477,83,0,0
83,93,100,0,100,0,96,9011,1,0,0
82,96,100,0,100,0,89,22320,82,0,0
69,88,100,0,100,0,97,7274,1,0,0
82,95,100,0,100,0,89,23706,82,0,0
71,96,100,0,100,0,95,10796,71,0,0
79,98,100,0,100,0,78,44873,79,0,0
79,98,100,0,100,0,95,11701,79,0,0
80,98,100,0,100,0,98,5833,80,0,0
70,98,100,0,100,0,92,17033,70,0,0
73,96,100,0,100,0,93,14124,73,0,0
81,96,100,0,100,0,47,107209,81,0,0
84,98,100,0,100,0,97,7622,84,0,0
78,91,100,0,100,0,1,215438,78,0,0
80,95,100,0,100,0,89,22270,80,0,0
77,92,100,0,100,0,93,14147,77,0,0
79,94,100,0,100,0,95,11647,79,0,0
83,96,100,0,100,0,96,9380,83,0,0
82,96,100,0,100,0,95,10597,82,0,0
81,95,100,0,100,0,99,3369,81,0,0
74,96,100,0,100,0,84,32200,74,0,0
78,89,100,0,100,0,96,8250,78,0,0
80,96,100,0,100,0,92,16632,80,0,0
80,94,100,0,100,0,97,6040,80,0,0
78,89,100,0,100,0,95,10145,78,0,0
82,96,100,0,100,0,26,149411,82,0,0
77,89,100,0,100,0,98,5722,77,0,0
84,95,100,0,100,0,93,14831,84,0,0
83,96,100,0,100,0,95,10309,83,0,0
82,94,100,0,100,0,97,7474,82,0,0
81,96,100,0,100,0,97,7438,81,0,0
82,98,100,0,100,0,97,7647,82,0,0
82,98,100,0,100,0,97,6043,82,0,0
84,99,100,0,100,0,95,11622,84,0,0
84,95,100,0,100,0,95,10777,84,0,0
83,89,100,0,100,0,25,150644,83,0,0
81,95,100,0,100,0,97,6904,81,0,0
83,95,100,0,100,0,98,5156,83,0,0
81,95,100,0,100,0,92,17819,81,0,0
79,95,100,0,100,0,91,18334,79,0,0
81,96,100,0,100,0,88,25188,81,0,0
77,95,100,0,100,0,83,34795,77,0,0
72,94,100,0,100,0,95,10677,72,0,0
82,91,100,0,100,0,94,12883,82,0,0
81,91,100,0,100,0,94,13635,81,0,0
76,98,100,0,100,0,96,8691,76,0,0
82,94,100,0,100,0,97,6764,82,0,0
76,89,100,0,100,0,97,7087,76,0,0
82,96,100,0,100,0,43,115663,82,0,0
81,86,100,0,100,0,96,8764,1,0,0
78,96,100,0,100,0,99,3454,78,0,0
82,90,100,0,100,0,51,99543,82,0,0
80,90,100,0,100,0,93,15211,1,0,0
81,95,100,0,100,0,89,22234,81,0,0
84,95,100,0,100,0,92,17915,84,0,0
82,95,100,0,100,0,95,11209,82,0,0
70,96,100,0,100,0,90,21148,70,0,0
78,92,100,0,100,0,84,32394,78,0,0
80,95,100,0,100,0,1,319504,80,0,0
83,92,100,0,100,0,80,40913,83,0,0
70,96,100,0,100,0,66,68050,70,0,0
79,89,100,0,100,0,16,168573,79,0,0
81,94,100,0,100,0,6,189550,81,0,0
84,94,100,0,100,0,45,110432,84,0,0
82,94,100,0,100,0,92,16147,82,0,0
83,98,100,0,100,0,94,13683,83,0,0
100,95,100,0,100,0,97,7053,100,0,0
80,88,100,0,100,0,96,8537,1,0,0
76,98,100,0,100,0,96,9332,76,0,0
81,95,100,0,100,0,94,12324,81,0,0
81,92,100,0,100,0,96,8646,81,0,0
82,93,100,0,100,0,81,38428,1,0,0
82,93,100,0,100,0,97,6705,82,0,0
79,94,100,0,100,0,97,6207,79,0,0
80,98,100,0,100,0,98,5023,80,0,0
67,95,100,0,100,0,93,14050,67,0,0
74,92,100,0,100,0,94,12757,74,0,0
80,95,100,0,100,0,81,38602,80,0,0
81,89,100,0,100,0,96,9836,81,0,0
78,95,100,0,100,0,84,33777,78,0,0
83,98,100,0,100,0,98,5113,83,0,0
84,89,100,0,100,0,89,23181,84,0,0
78,98,100,0,100,0,96,9871,78,0,0
82,92,100,0,100,0,97,7733,82,0,0
81,96,100,0,100,0,97,6117,81,0,0
83,95,100,0,100,0,87,26756,83,0,0
83,94,100,0,100,0,66,69823,83,0,0
83,96,100,0,100,0,97,6462,83,0,0
81,95,100,0,100,0,90,21448,81,0,0
75,94,100,0,100,0,95,10319,75,0,0
80,91,100,0,100,0,96,9798,80,0,0
81,99,100,0,100,0,99,3503,81,0,0
80,96,100,0,100,0,97,7186,1,0,0
84,92,100,0,100,0,88,25260,1,0,0
78,94,100,0,100,0,97,6331,78,0,0
76,92,100,0,100,0,94,13855,76,0,0
84,94,100,0,100,0,97,6329,84,0,0
83,99,100,0,100,0,96,8411,83,0,0
83,91,100,0,100,0,93,14655,83,0,0
80,94,100,0,100,0,97,7349,80,0,0
82,96,100,0,100,0,97,6333,82,0,0
83,89,100,0,100,0,95,10045,83,0,0
83,96,100,0,100,0,99,2903,83,0,0
80,94,100,0,100,0,96,8019,80,0,0
82,96,100,0,100,0,98,4978,82,0,0
83,96,100,0,100,0,98,5600,83,0,0
80,96,100,0,100,0,97,6771,80,0,0
82,96,100,0,100,0,95,11325,1,0,0
82,96,100,0,100,0,90,20274,1,0,0
81,88,100,0,100,0,97,7942,1,0,0
81,96,100,0,100,0,93,15723,1,0,0
82,96,100,0,100,0,97,7900,1,0,0
83,96,100,0,100,0,95,10999,1,0,0
81,96,100,0,100,0,92,17349,1,0,0
83,98,100,0,100,0,96,9217,1,0,0
78,96,100,0,100,0,96,9558,1,0,0
83,86,100,0,100,0,98,4862,1,0,0
80,89,100,0,100,0,98,4054,80,0,0
75,95,100,0,100,0,92,16674,75,0,0
75,92,100,0,100,0,98,5777,75,0,0
70,96,100,0,100,0,97,6643,70,0,0
80,89,100,0,100,0,99,3671,80,0,0
80,92,100,0,100,0,97,6729,80,0,0
81,96,100,0,100,0,91,18870,81,0,0
84,92,100,0,100,0,95,10465,84,0,0
74,94,100,0,100,0,97,6106,74,0,0
83,96,100,0,100,0,97,7737,83,0,0
73,98,100,0,100,0,95,11036,73,0,0
75,94,100,0,100,0,94,12170,75,0,0
83,95,100,0,100,0,94,13304,83,0,0
82,96,100,0,100,0,94,13082,82,0,0
76,89,100,0,100,0,96,8407,76,0,0
81,96,100,0,100,0,97,7672,81,0,0
73,89,100,0,100,0,95,10372,73,0,0
79,95,100,0,100,0,85,31047,79,0,0
82,96,100,0,100,0,98,5518,82,0,0
84,94,100,0,100,0,94,13282,84,0,0
84,98,100,0,100,0,71,59711,84,0,0
84,98,100,0,100,0,96,9540,84,0,0
83,96,100,0,100,0,93,14534,83,0,0
82,95,100,0,100,0,96,8563,82,0,0
76,98,100,0,100,0,95,11549,76,0,0
80,89,100,0,100,0,96,8216,80,0,0
79,95,100,0,100,0,97,7720,79,0,0
79,89,100,0,100,0,96,9473,79,0,0
81,89,100,0,100,0,97,6103,81,0,0
81,96,100,0,100,0,96,8935,1,0,0
83,84,100,0,100,0,96,9109,1,0,0
80,89,100,0,100,0,86,28899,80,0,0
81,93,100,0,100,0,94,13195,81,0,0
81,89,100,0,100,0,95,11312,81,0,0
82,94,100,0,100,0,93,14959,82,0,0
68,96,100,0,100,0,89,23356,68,0,0
83,90,100,0,100,0,96,9220,1,0,0
82,90,100,0,100,0,95,11183,82,0,0
83,95,100,0,100,0,95,10298,83,0,0
82,93,100,0,100,0,93,15832,82,0,0
83,93,100,0,100,0,91,18632,83,0,0
73,93,100,0,100,0,96,9152,73,0,0
79,96,100,0,100,0,96,8524,79,0,0
84,96,100,0,100,0,97,7728,84,0,0
78,94,100,0,100,0,95,11620,78,0,0
83,98,100,8,100,0,98,5714,83,0,0
83,94,100,0,100,0,94,13932,83,0,0
84,96,100,0,100,0,95,10106,84,0,0
83,95,100,0,100,0,87,27925,83,0,0
83,95,100,0,100,0,84,32636,83,0,0
82,84,100,0,100,0,95,10153,1,0,0
83,91,100,8,100,0,78,45809,83,0,0
78,95,100,0,100,0,92,17551,78,0,0
78,95,100,0,100,0,97,6105,78,0,0
74,92,100,0,100,0,98,4858,74,0,0
78,95,100,0,100,0,92,16100,78,0,0
72,98,100,0,100,0,94,13125,72,0,0
80,96,100,0,100,0,98,4309,80,0,0
82,91,100,0,100,0,96,9553,82,0,0
81,94,100,0,100,0,87,26089,81,0,0
77,87,100,0,100,0,89,23529,1,0,0
82,94,100,0,100,0,90,20227,82,0,0
80,96,100,0,100,0,91,18127,80,0,0
79,98,100,0,100,0,74,52348,79,0,0
79,95,100,0,100,0,85,30996,79,0,0
72,92,100,0,100,0,96,9852,72,0,0
77,90,100,0,100,0,96,8637,1,0,0
82,99,100,0,100,0,99,2182,82,0,0
83,94,100,0,100,0,72,56039,83,0,0
79,94,100,0,100,0,95,10862,79,0,0
82,92,100,0,100,0,95,10695,82,0,0
83,96,100,0,100,0,95,11819,1,0,0
79,98,100,0,100,0,87,26472,79,0,0
83,95,100,0,100,0,95,11036,83,0,0
80,92,100,0,100,0,98,4010,80,0,0
84,98,100,0,100,0,88,24861,84,0,0
80,89,100,0,100,0,98,5964,80,0,0
80,96,100,0,100,0,93,14855,80,0,0
80,98,100,0,100,0,87,27633,80,0,0
77,96,100,0,100,0,98,5922,77,0,0
78,91,100,0,100,0,98,5990,78,0,0
71,95,100,0,100,0,94,13089,71,0,0
83,96,100,0,100,0,93,15064,83,0,0
78,97,100,0,100,0,96,8273,1,0,0
83,98,100,0,100,0,98,4047,83,0,0
77,94,100,0,100,0,96,8461,77,0,0
84,91,100,0,100,0,94,13419,84,0,0
79,89,100,0,100,0,77,46291,79,0,0
81,89,100,0,100,0,98,4203,81,0,0
100,89,100,0,100,0,97,7667,100,0,0
83,94,100,0,100,0,93,14894,83,0,0
82,89,100,0,100,0,98,5660,82,0,0
83,95,100,0,100,0,95,10411,83,0,0
82,89,100,0,100,0,80,40748,82,0,0
83,92,100,0,100,0,98,5963,83,0,0
81,89,100,0,100,0,98,4202,81,0,0
84,94,100,0,100,0,97,6593,84,0,0
83,89,100,0,100,0,97,6954,83,0,0
75,95,100,0,100,0,96,8434,75,0,0
79,91,100,0,100,0,90,21641,79,0,0
69,98,100,0,100,0,93,15301,69,0,0
82,99,100,0,100,0,94,13578,82,0,0
79,89,100,0,100,0,94,12532,79,0,0
79,95,100,0,100,0,96,8393,79,0,0
81,98,100,0,100,0,93,14187,81,0,0
73,99,100,0,100,0,88,24757,73,0,0
75,95,100,0,100,0,78,44444,75,0,0
81,94,100,0,100,0,96,9415,81,0,0
70,96,100,0,100,0,97,6974,1,0,0
81,95,100,0,100,0,97,6987,81,0,0
80,95,100,0,100,0,99,3686,80,0,0
79,91,100,0,100,0,93,15449,79,0,0
80,96,100,0,100,0,92,17497,80,0,0
83,94,100,0,100,0,95,10015,83,0,0
79,90,100,0,100,0,80,40667,79,0,0
100,92,100,0,100,0,89,22155,100,0,0
79,92,100,0,100,0,84,33920,79,0,0
78,91,100,0,100,0,89,23631,78,0,0
84,96,100,0,100,0,97,7329,84,0,0
83,92,100,0,100,0,97,7947,83,0,0
74,98,100,0,100,0,95,11966,74,0,0
83,96,100,0,100,0,89,22566,83,0,0
69,96,100,0,100,0,95,10656,69,0,0
82,95,100,0,100,0,94,12947,82,0,0
82,96,100,0,100,0,97,6617,82,0,0
84,98,100,0,100,0,91,19719,84,0,0
81,86,100,0,100,0,97,7297,1,0,0
82,95,100,0,100,0,95,10464,82,0,0
80,93,100,0,100,0,93,14413,80,0,0
74,97,100,33,95,4,95,11637,79,8,8
69,90,100,917,97,2,95,10075,83,0,0
74,90,100,0,94,5,91,19756,74,18,18
80,89,100,0,100,0,91,17349,80,195,195
79,95,100,6,96,3,96,7957,79,6,6
78,96,100,135,98,1,82,36278,78,15,15
66,90,100,1462,98,1,98,5654,74,0,0
80,95,100,21,99,0,60,80511,80,0,0
64,95,100,1703,94,5,91,17715,80,37,37
77,98,100,0,100,0,98,5834,61,0,0
78,98,100,20,100,0,73,54376,78,0,0
77,95,100,0,94,5,97,6578,78,15,15
47,89,93,27873,21,80,91,18315,81,13,13
71,95,100,21,95,4,98,5328,78,10,10
79,95,100,17,100,0,98,5396,68,0,0
69,97,100,8,97,2,88,24231,69,9,9
82,90,100,369,98,1,96,8131,70,6,6
79,91,100,186,100,0,96,7937,50,138,138
75,93,100,44,100,0,98,5380,45,0,0
79,98,100,9,100,0,96,8129,78,6,6
77,96,100,0,98,1,94,12689,77,5,5
76,94,100,0,97,2,97,6056,81,7,7
83,94,100,0,100,0,22,185822,83,0,0
70,94,100,304,99,0,98,5296,76,0,0
53,95,93,30820,92,8,97,5254,83,0,0
79,92,100,5,100,0,99,2256,55,0,0
80,91,100,533,97,2,92,15967,80,2,2
65,89,100,703,95,4,94,13536,82,0,0
76,90,100,0,100,0,91,18175,76,0,0
74,89,100,11,92,7,94,13516,74,7,7
77,91,100,3,94,5,98,4590,65,16,16
83,95,100,0,100,0,100,1418,83,0,0
79,95,100,29,96,3,94,12338,83,8,8
79,93,100,4,100,0,75,50315,14,0,0
82,90,100,0,100,0,98,5039,82,0,0
82,95,100,0,100,0,97,6249,82,0,0
80,95,100,5,97,2,96,7922,80,5,5
76,94,100,33,100,0,98,5386,54,0,0
82,94,100,0,99,0,97,6216,82,1,1
78,91,100,0,100,0,97,6188,78,0,0
83,94,100,7,100,0,95,10106,83,0,0
80,89,100,9,99,0,92,17140,81,237,237
83,90,100,7,100,0,99,1977,83,0,0
84,91,100,0,97,2,97,7339,8,89,89
81,96,100,5,98,1,98,3936,81,5,5
70,91,100,168,99,0,92,16286,81,0,0
81,90,100,36,100,0,97,6392,81,0,0
78,91,100,9,100,0,75,49575,7,0,0
54,88,95,12976,30,95,96,7154,35,278,278
81,92,100,0,100,0,19,195018,81,0,0
82,92,100,10,99,0,7,228695,75,1,1
79,95,100,0,100,0,98,5496,78,0,0
76,95,100,0,98,1,94,12867,76,1,1
76,94,100,251,98,1,95,11166,61,5,5
77,95,100,0,96,3,97,6599,80,10,10
83,92,100,4,100,0,100,1735,83,0,0
82,93,100,29,99,0,88,25057,37,2,2
78,90,100,0,99,0,91,18049,78,0,0
78,98,100,0,100,0,98,5778,15,0,0
75,92,100,0,99,0,95,10652,5,0,0
83,93,100,20,98,1,98,4691,13,13,13
81,96,100,0,100,0,98,5311,81,0,0
82,97,100,18,100,0,96,8559,82,0,0
63,95,97,10462,98,1,95,10039,74,0,0
42,86,96,14038,1,133,97,6190,19,366,366
76,94,100,3,97,2,88,23654,76,8,8
73,90,100,1,93,6,90,20666,73,21,21
79,90,100,30,100,0,98,5254,52,0,0
79,95,100,20,100,0,98,5490,80,0,0
70,91,100,2244,94,5,97,6844,50,14,14
75,96,87,50759,66,36,97,5601,80,6,6
81,97,100,0,100,0,96,9095,81,0,0
81,94,100,23,97,2,82,36821,81,37,37
73,95,100,44,97,2,95,11879,80,7,7
78,90,100,0,98,1,91,18359,78,4,4
81,95,100,0,94,5,78,43784,68,0,0
79,95,100,66,100,0,98,5485,80,0,0
79,92,100,0,100,0,96,8805,20,0,0
79,98,100,0,98,1,97,6622,79,93,93
81,92,100,32,100,0,96,8336,81,0,0
71,97,100,358,100,0,98,5514,72,12,12
81,96,100,0,100,0,54,92515,81,0,0
46,87,95,17828,1,128,97,6329,34,277,277
64,93,89,42649,55,44,94,12337,80,11,11
76,93,100,0,100,0,91,18776,76,0,0
71,90,100,70,100,0,98,5334,21,0,0
80,92,100,0,97,2,89,22631,80,7,7
75,95,100,1549,93,6,92,16787,76,7,7
81,93,100,7,100,0,79,42335,69,0,0
68,97,100,30,97,2,98,5295,78,7,7
82,91,100,68,100,0,93,14047,54,0,0
71,90,98,8645,94,5,97,4985,84,0,0
56,92,64,31059,77,24,95,10622,80,0,0
77,90,100,0,100,0,91,18095,77,0,0
78,89,100,0,100,0,93,15506,76,0,0
80,98,100,0,100,0,95,10854,36,0,0
80,96,100,14,100,0,77,46456,80,0,0
76,93,100,0,97,2,97,6050,80,7,7
77,89,100,7,100,0,98,5774,77,0,0
80,96,100,1264,93,6,96,7982,39,21,21
79,93,100,0,94,6,98,4652,79,16,16
81,98,100,0,99,0,96,9109,81,0,0
74,98,100,0,97,2,97,6680,74,269,269
80,97,100,5,98,1,97,6797,82,55,55
83,90,100,7,100,0,99,2035,77,0,0
78,99,100,0,99,0,99,471,78,1,1
77,92,100,4,100,0,97,6236,77,0,0
80,96,100,12,100,0,77,45693,80,0,0
81,97,100,6,99,0,97,6817,82,60,60
80,96,100,43,100,0,96,8369,80,0,0
71,98,100,9,99,0,99,3954,71,23,23
81,95,100,0,100,0,98,5459,81,0,0
63,95,98,9457,96,3,94,10541,76,0,0
80,94,100,43,100,0,96,8598,54,0,0
83,98,100,0,100,0,95,10778,83,0,0
77,93,100,5,100,0,97,6244,77,0,0
75,89,100,3,93,6,90,20327,69,21,21
73,91,100,97,99,0,96,8898,37,0,0
75,94,100,1492,98,1,98,4858,78,0,0
74,92,99,6397,97,2,98,4485,83,0,0
81,89,100,38,100,0,97,6394,81,0,0
79,93,100,1,97,2,88,23307,79,8,8
82,98,100,2,100,0,97,6600,82,0,0
69,91,98,8401,98,2,97,5844,81,0,0
80,94,100,8,100,0,98,5265,72,0,0
80,96,100,206,95,4,98,4843,80,39,39
80,95,100,2000,96,3,98,4522,80,29,29
75,92,100,18,93,6,74,52108,47,10,10
80,89,100,0,99,0,96,9747,80,0,0
81,93,100,0,98,1,58,84667,81,3,3
76,93,100,38,100,0,98,5384,50,0,0
78,91,100,1,99,0,91,18016,79,0,0
81,96,100,0,95,4,94,12977,81,48,48
77,94,100,3,100,0,59,81122,77,0,0
82,96,100,0,100,0,100,1162,82,0,0
75,89,100,351,97,2,94,13652,82,0,0
83,97,100,1,100,0,95,10626,83,0,0
83,94,100,0,100,0,26,172195,83,0,0
82,91,100,23,100,0,97,6332,82,0,0
78,93,100,0,91,8,72,54934,48,14,14
69,91,100,201,99,0,92,16435,82,0,0
79,92,100,2,98,1,64,72741,79,5,5
69,91,100,174,99,0,92,16312,81,0,0
82,89,100,92,100,0,93,13835,73,0,0
78,95,100,194,100,0,98,5463,81,0,0
75,90,100,30,99,0,76,48096,25,0,0
72,96,100,0,98,1,91,19839,72,3,3
81,91,100,25,100,0,96,8303,81,0,0
78,98,100,2,100,0,99,3801,78,6,6
78,96,100,510,97,2,98,4890,75,59,59
82,93,100,0,96,3,98,4852,82,9,9
81,95,100,0,100,0,98,5247,81,0,0
63,88,100,1192,96,3,95,10188,75,1,1
83,98,100,0,100,0,95,11033,83,0,0
69,95,100,1642,93,6,91,17276,78,23,23
81,90,100,0,98,1,32,160872,81,4,4
74,89,100,5,92,7,94,13502,74,7,7
75,92,99,6089,97,2,98,4453,83,0,0
60,92,92,33090,11,99,97,6570,82,1,1
80,92,100,5,100,0,99,2223,58,0,0
93,96,100,0,99,0,96,7728,93,5,5
82,94,100,4,98,1,80,38884,82,19,19
78,91,100,4,100,0,98,5663,78,0,0
69,97,100,28,96,3,98,5307,78,8,8
78,96,100,0,96,3,94,12672,78,9,9
79,92,100,0,94,5,98,5392,79,12,12
76,90,100,5,99,0,97,5874,78,2,2
66,90,94,20846,37,66,96,7755,83,0,0
70,91,100,165,99,0,92,16271,81,0,0
76,98,100,6,95,4,95,11138,61,6,6
81,96,100,40,100,0,98,5424,81,1,1
79,99,100,3,97,2,95,11146,79,3,3
79,95,100,0,99,0,95,10736,49,0,0
83,96,100,0,100,0,38,139350,83,0,0
69,92,100,65,99,0,98,5353,29,1,1
81,96,100,0,100,0,99,1545,73,0,0
53,95,93,30695,82,19,97,5410,83,0,0
79,96,100,109,100,0,98,5455,79,4,4
80,97,100,1009,95,4,96,8011,47,17,17
82,94,100,0,99,0,80,40643,82,1,1
77,95,100,27,94,5,97,6581,78,14,14
82,94,100,23,98,1,98,4636,1,15,15
75,96,100,14,98,1,98,5281,79,3,3
77,96,100,0,99,0,95,10872,1,0,0
79,92,100,0,100,0,97,7525,79,0,0
81,97,100,0,100,0,96,9037,81,0,0
81,95,100,1,93,6,78,42766,78,0,0
77,90,100,76,99,0,92,15884,82,0,0
87,92,100,0,97,2,97,7378,25,74,74
83,90,100,7,100,0,100,1898,83,0,0
59,95,99,4749,93,6,96,7901,81,6,6
72,89,95,19108,58,41,96,8064,83,0,0
79,94,100,0,98,1,98,5472,79,3,3
83,95,100,0,99,0,96,7718,83,0,0
82,95,100,0,96,3,79,41681,82,0,0
79,96,100,8,100,0,97,6311,79,0,0
63,89,99,1254,96,3,95,10043,82,0,0
79,92,100,5,100,0,99,2245,56,0,0
71,97,100,366,100,0,98,5562,71,15,15
56,92,77,30405,42,64,96,8872,81,0,0
72,98,100,0,96,3,97,6671,72,360,360
69,98,100,8,97,2,88,24619,69,8,8
72,95,94,11644,98,1,95,9811,78,3,3
80,94,100,0,100,0,96,8634,80,0,0
79,95,100,319,97,2,98,4983,79,48,48
77,90,100,4,100,0,97,6201,77,0,0
79,95,100,63,100,0,98,5486,80,0,0
77,92,100,195,100,0,96,8320,52,120,120
80,93,100,0,100,0,96,8912,25,0,0
79,94,100,13,100,0,57,85303,79,0,0
73,94,100,1129,94,5,92,16696,77,5,5
79,98,100,17,98,1,76,48194,79,0,0
73,97,100,19,98,1,88,25117,52,5,5
80,94,100,3,100,0,100,969,80,0,0
73,89,100,543,98,1,95,9884,81,0,0
81,89,100,37,99,0,97,6408,81,1,1
82,98,100,0,100,0,97,6695,82,0,0
75,94,100,0,100,0,91,18813,75,96,96
82,89,100,0,100,0,96,8192,82,0,0
78,92,100,1163,95,4,96,8017,20,136,136
78,90,100,96,100,0,97,6448,81,0,0
74,96,100,44,96,3,94,11942,80,8,8
79,92,100,2,98,1,64,72779,79,5,5
80,98,100,0,100,0,96,8033,80,0,0
63,93,99,5717,95,4,96,6878,82,4,4
74,89,100,0,92,7,94,13443,74,8,8
64,95,98,6416,92,7,94,12190,83,0,0
85,91,100,0,97,2,97,7352,14,83,83
56,92,83,30124,28,81,96,8122,82,0,0
78,93,100,2,99,0,95,10505,28,0,0
68,94,89,42722,41,65,97,6041,81,3,3
77,98,100,0,100,0,98,5856,77,0,0
81,95,100,0,94,5,98,4780,81,14,14
75,97,100,71,96,3,52,96777,27,6,6
78,88,100,187,100,0,96,8160,49,139,139
81,93,100,23,98,1,15,203830,64,2,2
82,94,100,14,100,0,95,10001,82,0,0
70,91,100,1,98,1,95,11697,70,1,1
82,90,100,72,100,0,93,14012,57,0,0
79,92,100,0,93,6,98,5401,79,13,13
81,99,100,0,94,5,99,3513,81,14,14
46,89,93,27641,26,73,90,20006,81,15,15
79,91,100,0,100,0,96,8617,79,0,0
82,90,100,17,100,0,96,8268,82,0,0
77,94,100,2,97,2,97,6598,82,7,7
76,93,100,12,90,9,73,54241,59,14,14
75,93,100,33,100,0,98,5432,52,0,0
82,92,100,0,97,2,98,4898,82,6,6
81,96,100,0,95,4,94,12971,81,48,48
78,95,100,0,97,2,97,6640,82,5,5
79,92,100,0,94,5,98,5391,79,13,13
78,96,100,477,97,2,98,4908,76,61,61
81,89,100,0,100,0,92,16630,81,165,165
67,90,100,479,95,4,95,11251,39,13,13
78,96,100,6,100,0,64,72748,78,0,0
81,93,100,1271,93,6,96,8000,40,21,21
78,95,100,30,97,2,94,12328,83,7,7
68,92,100,212,98,1,92,16479,81,0,0
55,92,62,31320,94,5,95,10846,80,0,0
77,96,100,11,98,1,97,6429,77,4,4
79,89,100,4,100,0,98,5867,79,0,0
74,94,100,12,94,5,98,5353,78,12,12
80,95,100,3104,96,3,98,4174,72,0,0
73,89,100,0,100,0,91,18181,73,60,60
75,98,100,7,94,5,95,11167,72,7,7
79,98,100,1,100,0,99,3768,79,2,2
82,92,100,880,95,4,96,8057,53,14,14
68,92,100,303,98,1,92,16517,81,0,0
82,98,100,0,100,0,96,8900,82,0,0
78,93,100,3,98,1,96,7693,78,3,3
74,96,100,227,100,0,98,5540,74,9,9
79,96,100,7,99,0,98,5382,81,1,1
76,90,100,5,99,0,97,5880,78,2,2
81,91,100,177,98,1,98,4982,81,27,27
70,97,88,47463,86,13,98,5276,81,5,5
81,98,100,0,100,0,99,2570,81,0,0
66,91,99,1306,97,2,96,8902,41,2,2
78,91,100,16,99,0,91,18024,79,0,0
82,93,100,11,100,0,95,9942,82,0,0
68,97,100,47,97,2,98,5296,77,7,7
80,93,100,0,100,0,96,8891,17,0,0
67,89,95,18346,51,48,94,10537,83,2,2
83,91,100,0,97,2,97,7285,7,94,94
77,95,100,0,96,3,97,6601,80,10,10
78,96,100,3,97,2,97,6699,82,30,30
82,98,100,2,100,0,97,6596,82,0,0
64,88,100,632,95,4,95,11271,27,14,14
81,95,100,0,100,0,98,5242,81,0,0
80,98,100,4,100,0,96,8152,80,0,0
74,90,100,0,94,5,91,19752,74,19,19
81,96,100,18,93,6,79,41946,81,0,0
70,95,100,252,100,0,97,6617,81,0,0
68,91,97,11241,74,25,95,10266,84,0,0
70,98,100,1143,100,0,98,4125,38,8,8
74,97,100,1102,98,1,98,4571,49,31,31
69,97,100,27,97,2,98,5281,78,6,6
82,98,100,0,100,0,95,11102,81,0,0
71,95,100,1624,93,6,91,17141,77,18,18
72,98,100,8,99,0,99,3915,72,22,22
82,94,100,17,98,1,98,4397,36,9,9
77,94,100,3,100,0,99,2419,38,0,0
77,98,100,3,97,2,95,11028,31,3,3
88,95,100,4,97,2,96,7814,88,8,8
82,90,100,399,98,1,96,8127,69,6,6
80,96,100,0,99,0,95,10745,58,0,0
79,95,100,90,100,0,98,5483,80,0,0
75,96,100,74,99,0,94,12780,77,0,0
82,93,100,0,100,0,78,43735,57,0,0
49,89,97,12021,36,86,96,7562,36,250,250
81,94,100,29,97,2,82,36789,81,36,36
77,92,100,2,99,0,95,10538,23,0,0
78,91,100,11,100,0,75,49412,8,0,0
82,98,100,0,100,0,97,6631,82,0,0
77,93,100,3163,96,3,98,4574,80,0,0
77,96,100,14,100,0,97,6361,77,0,0
71,89,97,12779,73,26,96,6782,84,0,0
81,95,100,0,100,0,98,5445,81,0,0
72,94,100,0,98,1,93,15449,72,35,35
81,97,100,0,100,0,96,9119,81,0,0
79,95,100,0,93,6,94,12645,79,15,15
70,89,100,779,98,1,95,9939,82,0,0
81,89,100,0,100,0,93,15541,81,0,0
43,86,96,13175,4,128,96,6291,19,366,366
81,99,100,0,97,2,99,3690,81,6,6
78,95,100,2,99,0,98,5474,79,0,0
79,93,100,4,100,0,99,2297,51,0,0
71,90,100,107,99,0,96,8971,20,0,0
79,94,100,0,100,0,54,91781,79,0,0
78,95,100,0,94,5,97,6578,78,15,15
71,92,100,0,100,0,91,19000,71,0,0
78,96,87,49535,78,21,97,5793,80,6,6
77,95,89,43915,74,25,97,6212,81,5,5
82,95,100,0,99,0,98,5406,82,0,0
80,92,100,0,97,2,88,23118,80,8,8
77,95,100,0,86,13,70,59436,81,21,21
82,97,100,0,100,0,54,92976,82,0,0
77,96,100,16,95,4,94,12381,80,13,13
83,92,100,0,100,0,6,230738,83,0,0
79,92,100,8,95,4,98,4601,49,16,16
71,92,100,61,98,1,98,5367,29,2,2
74,89,100,4,93,6,91,19722,75,24,24
83,93,100,7,100,0,18,198410,83,0,0
82,89,100,0,100,0,96,8182,82,0,0
81,94,100,0,98,1,57,87019,81,2,2
59,93,99,2866,94,5,95,9251,81,4,4
78,96,100,4,97,2,96,8078,78,4,4
73,98,100,0,100,0,99,2190,18,0,0
82,98,100,0,100,0,96,8815,82,0,0
77,91,100,19,99,0,94,12328,78,1,1
81,96,100,2,100,0,99,3187,81,0,0
81,95,100,0,100,0,96,8982,53,0,0
80,93,100,0,100,0,96,9125,39,0,0
77,90,100,0,94,5,90,20856,77,18,18
73,98,100,0,100,0,99,2979,16,0,0
75,93,100,34,98,1,94,12068,79,4,4
80,94,100,19,99,0,93,14638,30,9,9
82,91,100,73,99,0,94,13583,82,20,20
79,96,100,6,94,5,94,12537,80,14,14
78,95,100,0,94,5,97,6588,78,14,14
76,90,100,20,100,0,76,48650,14,0,0
79,95,100,0,99,0,95,10729,43,0,0
80,94,100,51,100,0,96,8424,80,0,0
78,86,100,135,99,0,98,5177,32,12,12
76,93,100,0,97,2,97,6088,79,5,5
72,92,100,54,100,0,98,5395,35,0,0
75,90,100,0,92,7,94,13317,75,9,9
64,94,98,9916,98,2,95,9105,75,0,0
72,98,100,0,96,3,97,6646,72,321,321
79,95,100,55,100,0,96,8507,79,0,0
67,90,100,594,94,6,94,13251,81,4,4
77,96,100,2,100,0,98,5842,77,0,0
82,89,100,34,100,0,97,6374,82,0,0
76,92,100,1,97,2,97,5997,80,6,6
80,91,100,16,100,0,98,5152,66,0,0
77,98,100,1,99,0,95,10956,11,1,1
82,92,100,3,97,2,88,23186,76,7,7
82,95,100,1,93,6,79,41385,82,7,7
73,90,100,50,98,1,98,5263,45,3,3
80,89,100,34,99,0,92,15697,82,0,0
69,89,100,0,99,0,95,11799,69,0,0
76,96,100,0,98,1,97,5964,79,4,4
74,89,100,51,98,1,98,5260,43,3,3
79,95,100,49,100,0,96,8523,79,0,0
55,92,66,31262,94,5,95,10113,80,0,0
78,98,100,0,100,0,99,2832,58,0,0
71,90,100,70,100,0,98,5334,21,0,0
75,87,100,55,99,0,98,5253,36,2,2
70,93,100,556,97,2,92,16572,80,2,2
66,92,97,12812,80,19,95,9314,78,0,0
79,95,100,68,100,0,98,5485,80,0,0
78,92,100,16,98,1,97,6524,82,4,4
78,96,100,153,100,0,82,37304,78,0,0
73,95,100,1602,93,6,91,16987,76,14,14
78,92,100,0,100,0,97,6197,78,0,0
78,91,100,0,99,0,97,7443,74,4,4
77,94,100,2122,97,2,98,4623,79,0,0
72,97,100,0,100,0,91,19680,72,0,0
82,95,100,19,98,1,98,4453,17,12,12
83,93,100,3,100,0,100,1639,83,0,0
77,91,100,1,95,4,98,4487,77,12,12
81,95,100,0,100,0,98,5261,81,0,0
79,92,100,0,95,4,98,5418,79,11,11
80,98,100,15,100,0,96,8215,80,0,0
80,89,100,0,100,0,91,17254,80,223,223
74,87,100,67,100,0,98,5293,21,0,0
65,90,100,1936,98,1,98,5875,73,4,4
68,97,100,101,97,2,98,5296,77,6,6
71,97,100,7,97,2,88,24426,71,8,8
64,90,94,22830,29,77,96,7530,83,0,0
83,98,100,0,100,0,95,10870,83,0,0
54,89,94,23785,35,64,92,16321,82,10,10
79,95,100,19,98,1,98,4415,23,18,18
81,94,100,0,100,0,98,5234,81,0,0
97,96,100,0,99,0,96,7621,97,7,7
75,95,100,0,98,1,90,20940,75,2,2
81,96,100,38,94,5,79,41331,81,0,0
77,91,100,1,95,4,98,4485,77,12,12
77,98,100,0,99,0,95,10933,5,0,0
81,97,100,0,100,0,96,8003,81,0,0
78,89,100,0,97,2,61,78313,78,6,6
83,95,100,0,100,0,27,170349,83,0,0
79,93,100,25,100,0,96,8594,79,0,0
80,89,100,84,98,1,94,13688,80,1,1
70,98,100,264,100,0,98,4001,63,20,20
77,90,100,2,100,0,97,6188,77,0,0
59,92,90,38945,47,52,93,14303,80,12,12
75,89,100,24,93,6,94,13548,75,6,6
82,89,100,0,100,0,98,5056,82,0,0
80,97,100,8,95,4,77,45201,80,0,0
82,93,100,29,100,0,93,14385,25,0,0
80,98,100,0,94,5,99,3601,80,15,15
80,97,100,52,100,0,97,6687,82,0,0
78,98,100,0,100,0,95,10950,14,0,0
75,96,100,190,100,0,98,5532,75,8,8
80,91,100,0,97,2,89,22322,80,6,6
80,93,92,13795,89,10,96,9239,83,6,6
81,95,100,0,94,6,98,4724,81,16,16
67,92,100,1167,96,3,91,17765,81,114,114
76,98,100,55,97,2,51,97635,37,5,5
72,95,100,177,97,2,97,6599,79,5,5
82,91,100,72,99,0,94,13575,82,21,21
81,93,100,42,100,0,96,8380,81,0,0
81,96,100,0,100,0,100,1112,81,0,0
70,93,100,41,97,2,98,5279,61,5,5
81,96,100,0,100,0,100,1038,81,0,0
80,95,100,0,98,1,98,5287,80,2,2
77,95,100,3,95,4,97,6527,77,12,12
81,89,100,0,100,0,96,9745,81,0,0
83,93,100,6,100,0,16,203069,83,0,0
76,93,100,0,97,2,97,6045,80,7,7
48,88,97,12197,29,96,96,7296,32,277,277
82,94,100,15,96,3,98,4675,30,16,16
81,95,100,3150,96,3,98,4259,81,1,1
82,95,100,0,100,0,98,5411,82,0,0
77,90,100,6,100,0,98,5805,67,0,0
77,95,100,3,87,12,71,57066,81,20,20
78,96,100,13,94,5,94,12429,80,13,13
82,91,100,0,100,0,98,5074,82,0,0
79,93,100,4,97,2,98,4331,79,7,7
83,92,100,0,100,0,97,6097,83,0,0
80,96,100,10,100,0,77,44991,80,0,0
79,92,100,0,100,0,96,8680,79,0,0
73,96,87,50843,71,28,96,7986,80,9,9
70,98,100,221,100,0,98,3995,64,21,21
83,92,100,0,99,0,97,7474,83,1,1
79,94,100,10,95,4,78,44127,63,0,0
82,92,100,4,100,0,95,9982,82,0,0
81,93,100,0,100,0,98,5152,81,0,0
79,96,100,7,99,0,98,5381,81,1,1
80,94,100,19,99,0,60,79946,80,1,1
79,93,100,0,100,0,96,8749,79,0,0
76,98,100,53,97,2,51,97467,39,5,5
81,91,100,0,96,3,89,22542,81,9,9
81,96,100,0,93,6,78,42783,81,0,0
71,97,100,360,100,0,98,5525,71,13,13
75,93,100,0,96,3,94,13022,75,3,3
60,94,99,3281,94,5,96,8584,69,56,56
82,90,100,11,100,0,96,8239,82,0,0
68,91,96,14267,70,29,95,8873,80,0,0
82,89,100,0,100,0,98,5029,82,0,0
77,94,100,17,100,0,98,5462,65,0,0
82,94,100,22,97,2,94,13326,82,56,56
77,93,100,0,93,6,94,12934,77,13,13
80,92,100,0,100,0,96,8880,13,0,0
70,91,100,827,98,1,95,10039,83,0,0
76,94,100,1321,94,5,92,16853,76,46,46
76,92,100,13,91,8,73,53910,57,14,14
73,94,100,289,100,0,98,5347,77,0,0
64,88,100,2600,97,2,98,5847,74,0,0
77,92,100,0,100,0,91,18268,77,146,146
79,88,100,32,100,0,98,5214,50,0,0
77,89,100,0,96,3,91,18526,77,129,129
82,93,100,29,99,0,88,25069,36,2,2
72,91,100,101,99,0,96,8911,36,0,0
77,98,100,1,98,1,95,10970,15,1,1
71,95,100,334,100,0,98,5377,74,4,4
72,96,100,0,99,0,91,19840,72,3,3
72,89,100,617,98,1,95,9901,81,0,0
78,98,100,21,99,0,75,49355,78,0,0
78,98,100,0,100,0,100,174,78,0,0
50,93,93,29658,69,30,95,10755,82,5,5
79,92,100,0,100,0,96,8834,7,0,0
83,98,100,5,100,0,97,6847,83,59,59
83,94,100,0,98,1,97,7011,42,47,47
80,93,100,285,97,2,98,4963,80,43,43
78,92,100,2,99,0,96,7587,78,1,1
74,92,100,17,98,1,94,12089,76,4,4
83,94,100,2,100,0,100,1538,83,0,0
72,92,100,367,98,1,95,11021,51,7,7
72,98,100,0,99,0,99,2837,4,0,0
77,89,100,57,99,0,92,16990,81,181,181
71,98,100,9,99,0,99,3940,71,23,23
77,96,100,2772,97,2,98,4184,59,0,0
69,89,100,0,100,0,94,11841,69,0,0
76,96,100,0,98,1,97,5960,79,4,4
81,97,100,5,97,2,97,6776,81,56,56
78,96,100,474,97,2,98,4909,76,61,61
81,92,100,17,100,0,93,14755,37,0,0
76,98,100,0,97,2,97,6686,76,207,207
80,95,100,0,100,0,98,5802,21,0,0
70,89,100,765,98,1,95,9935,82,0,0
80,92,100,0,100,0,98,5899,80,0,0
79,94,100,18,99,0,93,14677,32,11,11
81,95,100,0,100,0,98,5444,81,0,0
74,96,100,209,100,0,98,5536,74,9,9
68,93,100,979,97,2,91,18045,80,26,26
76,92,100,0,98,1,97,6112,79,4,4
78,98,100,0,100,0,98,5803,35,0,0
72,98,100,0,100,0,99,2816,2,0,0
93,94,100,0,99,0,97,7520,93,5,5
80,96,100,19,100,0,61,77989,80,0,0
82,92,100,50,98,1,94,13465,82,36,36
83,94,100,7,99,0,95,10180,79,0,0
78,98,100,10,100,0,67,66101,78,0,0
60,92,90,39375,48,51,93,14074,80,12,12
81,96,100,6,98,1,98,3972,81,3,3
79,97,100,124,97,2,81,38684,79,0,0
79,96,100,113,99,0,95,10849,73,2,2
81,97,100,0,100,0,96,7968,81,0,0
78,98,100,19,100,0,72,55589,78,0,0
82,91,100,70,99,0,94,13566,82,23,23
82,90,100,32,100,0,97,6434,82,0,0
76,91,100,248,100,0,96,8136,38,184,184
70,95,95,11367,98,1,95,9864,77,3,3
76,94,100,32,100,0,98,5312,54,0,0
79,95,100,0,100,0,98,5878,79,0,0
44,87,97,12653,12,119,96,6612,21,345,345
76,92,100,0,98,1,97,6109,79,4,4
79,96,100,6,94,5,94,12533,80,14,14
81,97,100,4,97,2,98,3855,81,7,7
79,95,100,2967,96,3,98,4178,67,0,0
79,93,100,3,100,0,75,50316,13,0,0
61,90,99,3021,96,3,97,6888,76,2,2
70,95,100,212,98,1,97,6603,80,3,3
75,94,100,2,97,2,95,10847,25,2,2
72,91,100,2940,96,3,98,5079,78,0,0
73,96,100,181,100,0,97,6708,81,27,27
70,90,99,7253,98,2,98,4785,82,0,0
77,91,100,23,100,0,77,45957,38,0,0
93,94,100,0,98,1,97,7461,61,42,42
82,94,100,15,98,1,98,4815,31,10,10
78,93,100,9,97,2,94,12465,78,6,6
80,95,100,13,100,0,98,5398,71,0,0
82,94,100,7,100,0,80,40639,82,0,0
74,95,100,116,96,3,97,6592,79,9,9
82,98,100,0,100,0,95,11093,77,0,0
83,98,100,4,100,0,97,6802,83,40,40
83,92,100,18,100,0,93,14712,36,0,0
81,89,100,35,99,0,97,6415,81,1,1
80,89,100,89,98,1,94,13701,80,1,1
80,98,100,6,100,0,96,8165,80,0,0
78,98,100,22,100,0,75,49688,78,0,0
81,97,100,0,100,0,99,2115,81,0,0
63,88,100,1090,96,3,95,10448,61,5,5
81,97,100,0,100,0,96,9152,81,0,0
80,94,100,0,97,2,98,5306,80,4,4
70,96,100,637,99,0,98,5622,71,14,14
79,95,100,5,99,0,65,70734,79,2,2
83,95,100,0,100,0,96,7720,83,0,0
81,89,100,92,99,0,94,13708,81,0,0
78,97,100,7,100,0,65,70857,78,0,0
75,89,100,4,93,6,93,13653,64,6,6
79,96,100,0,95,4,94,12663,79,11,11
79,92,100,5,97,2,96,8095,79,4,4
77,89,100,64,99,0,92,16968,81,173,173
78,97,100,1,100,0,100,310,78,0,0
73,88,99,720,99,0,96,8196,28,230,230
82,89,100,0,100,0,96,8292,82,0,0
75,90,100,29,99,0,77,46355,30,4,4
78,95,92,12357,99,0,95,9673,80,6,6
81,95,100,0,100,0,98,5268,81,0,0
82,93,100,35,99,0,88,25499,27,0,0
81,92,100,0,100,0,76,46620,32,0,0
72,96,100,7,98,1,98,4126,72,21,21
72,89,100,88,92,7,94,13490,74,7,7
75,95,100,15,98,1,98,5208,80,3,3
79,99,100,0,97,2,99,1685,79,7,7
81,99,100,0,95,4,99,3633,81,12,12
77,92,100,5,100,0,56,88634,77,0,0
79,97,100,127,97,2,81,38597,79,0,0
